-- phpMyAdmin SQL Dump
-- version 5.0.1
-- https://www.phpmyadmin.net/
--
-- Host: 127.0.0.1
-- Generation Time: Sep 05, 2021 at 04:25 AM
-- Server version: 10.4.11-MariaDB
-- PHP Version: 7.4.3

SET SQL_MODE = "NO_AUTO_VALUE_ON_ZERO";
SET AUTOCOMMIT = 0;
START TRANSACTION;
SET time_zone = "+00:00";


/*!40101 SET @OLD_CHARACTER_SET_CLIENT=@@CHARACTER_SET_CLIENT */;
/*!40101 SET @OLD_CHARACTER_SET_RESULTS=@@CHARACTER_SET_RESULTS */;
/*!40101 SET @OLD_COLLATION_CONNECTION=@@COLLATION_CONNECTION */;
/*!40101 SET NAMES utf8mb4 */;

--
-- Database: `project_data`
--

-- --------------------------------------------------------

--
-- Table structure for table `aboutdes_table`
--

CREATE TABLE `aboutdes_table` (
  `aboutdes_id` int(11) NOT NULL,
  `aboutdes_title` varchar(200) NOT NULL,
  `aboutdes_details` text NOT NULL
) ENGINE=InnoDB DEFAULT CHARSET=utf8mb4;

--
-- Dumping data for table `aboutdes_table`
--

INSERT INTO `aboutdes_table` (`aboutdes_id`, `aboutdes_title`, `aboutdes_details`) VALUES
(1, 'আমাদের লক্ষ্য ', 'ঘরেই বানানো যায় এমন অনেক পুষ্টিকর খাবার আছে যা আমাদের শরীরের ইমিউনিটি অনেক বাড়িয়ে দেয়। এই তালিকায় এমন অনেক কিছু আছে আপনারা খুব সহজেই বানাতে পারেন; সেসব আমরা বিক্রি করতে চাইনা। আমরা চাই আপনাদের সেই প্রক্রিয়াগুলো শিখিয়ে দেই; যেন আপনারা নিজের এবং পরিবারের জন্য নিজেরাই তৈরী করে নিতে পারেন পুষ্টিকর ইমিউন বুষ্টিং খাবার।\r\nBhumij-ভূমিজে এর জন্মই হয়েছে সামাজিক দায়বদ্ধতা থেকে। সেই দায়বদ্ধতার অংশ হিসেবেই আমরা একটি শিক্ষামূলক কার্যক্রম শুরু করতে চাই।\r\nতবে আমাদের একটাই চাওয়া; আপনারা একটিভলি এই কার্যক্রমে অংশ নিবেন এবং আমাদের সাথে ছবি শেয়ার করবেন। প্রশ্ন করবেন, অন্যদের প্রশ্নের উত্তর দেবেন। পরামর্শ দেবেন।');

-- --------------------------------------------------------

--
-- Table structure for table `aboutme_table`
--

CREATE TABLE `aboutme_table` (
  `aboutme_id` int(11) NOT NULL,
  `aboutme_name` varchar(300) NOT NULL,
  `aboutme_details` text NOT NULL,
  `image` varchar(300) NOT NULL
) ENGINE=InnoDB DEFAULT CHARSET=utf8mb4;

--
-- Dumping data for table `aboutme_table`
--

INSERT INTO `aboutme_table` (`aboutme_id`, `aboutme_name`, `aboutme_details`, `image`) VALUES
(1, 'Tahamina afroz Rumi', '<p>Founder And Developer </p>\r\n<p>Finical Advisor </p>\r\n<p>University: SUB</p>\r\n <ul class=\"nospace group\">\r\n          <li><span>1</span> Nulla bibendum in erat</li>\r\n          <li><span>2</span> Enim interdum a aliquam</li>\r\n          <li><span>3</span> Sed commodo bibendum justo</li>\r\n          <li><span>4</span> Sed pretium elit sed</li>\r\n          <li><span>5</span> Nisi aliquam dolor urna</li>\r\n          <li><span>6</span> Interdum ut dignissim eget</li>\r\n          <li><span>7</span> Sagittis eget eros integer</li>\r\n          <li><span>8</span> Velit mi facilisis eget</li>\r\n        </ul>\r\n<p>Email: <a href=\"#\">rumi@gmail.com</a></p>', 'images_new/04f4d322b4.jpg');

-- --------------------------------------------------------

--
-- Table structure for table `admin_table`
--

CREATE TABLE `admin_table` (
  `admin_id` int(11) NOT NULL,
  `admin_email` varchar(300) NOT NULL,
  `admin_password` varchar(300) NOT NULL,
  `admin_name` varchar(300) NOT NULL,
  `image` varchar(300) NOT NULL,
  `acc` tinyint(4) NOT NULL
) ENGINE=InnoDB DEFAULT CHARSET=utf8mb4;

--
-- Dumping data for table `admin_table`
--

INSERT INTO `admin_table` (`admin_id`, `admin_email`, `admin_password`, `admin_name`, `image`, `acc`) VALUES
(5, 'admin@gmail.com', '12345678', 'Rumi', 'images_new/8174808b0a.jpg', 0),
(6, 'tanha@gmail.com', '1234rty', 'Tanha', 'images_new/91c34b66e2.jpg', 1);

-- --------------------------------------------------------

--
-- Table structure for table `article_table`
--

CREATE TABLE `article_table` (
  `article_id` int(11) NOT NULL,
  `article_title` varchar(300) NOT NULL,
  `article_description` text NOT NULL,
  `article_image` varchar(300) NOT NULL,
  `article_status` tinyint(4) NOT NULL,
  `creation` timestamp NOT NULL DEFAULT current_timestamp()
) ENGINE=InnoDB DEFAULT CHARSET=utf8mb4;

--
-- Dumping data for table `article_table`
--

INSERT INTO `article_table` (`article_id`, `article_title`, `article_description`, `article_image`, `article_status`, `creation`) VALUES
(4, 'কৃষিতে কৃত্রিম উপগ্রহের ব্যবহার ', 'খ্রিস্টপূর্ব দশ হাজার বছর আগে মানুষ কাঠি দিয়ে মাটি গর্ত করে কৃষির সূচনা করে। এরপর- খুরপি, হস্তচালিত যন্ত্রপাতি, মানুষ, ঘোড়া, গরু ইত্যাদি দিয়ে ফসল চাষাবাদ করে আসছে। এখন কৃষিতে কৃত্রিম উপগ্রহ বা স্যাটেলাইট ব্যবহৃত হচ্ছে। কৃত্রিম উপগ্রহ কৃষির ধারা পাল্টে দিয়েছে। গড়ে তুলেছে আধুনিক কৃষি ব্যবস্থা। কৃষিপ্রযুক্তি পৌঁছে গেছে উন্নতির চরম শিখরে। তবু আমাদের কৃষি প্রকৃতির ওপর নির্ভরশীল। অনেক দেশেই প্রকৃতিকে বশ মানিয়ে কৃষি উৎপাদন করছে। মানুষ যতই কৃষি উৎপাদনের নিত্য-নতুন প্রযুক্তি উদ্ভাবন করছে ততই প্রাকৃতিক দুর্যোগ যেন সবসময় তাদের উপহাস করছে। তবু মানুষ থেমে থাকেনি। দুর্দম্য প্রতিকূলতার মধ্যেও মানুষ উদ্ভাবন করেছে কৃষিভিত্তিক উপগ্রহ। মহাকাশে স্থাপিত কৃত্রিম উপগ্রহ আর কম্পিউটারের সমন্বয়ে বিজ্ঞানীরা গড়ে তুলেছে একটি অত্যাধুনিক কৃষি আবহাওয়া নেটওয়ার্ক। এর মাধ্যমে কৃষির বর্তমান ও ভবিষ্যৎ অবস্থা জানা যায়। <ul class=\"nospace group\">\r\n          <li><span>1</span> ‘মেটিওস্যাট’ একটি আবহাওয়া উপগ্রহের নাম। ১৯৮১ সালে ঊঁৎড়ঢ়ব ঝঢ়ধপব অমবহপু (ঊঝঅ) এটি মহাকাশে উৎক্ষেপণ করে।</li>\r\n          <li><span>2</span> জাপানে কৃত্রিম উপগ্রহ প্রেরিত তথ্য কম্পিউটারের বিশ্লেষণ করে ফসলের রোগ, পোকামাকড়ের আক্রমণ ও প্রাকৃতিক দুর্যোগের পূর্বাভাস দেয়।</li>\r\n          <li><span>3</span>  ঢাকার আগারগাঁওর স্পেস রিসার্চ অ্যান্ড রিমোট সেনসিং অর্গানাইজেশন স্পারসোতে ব্যবহৃত কৃত্রিম উপগ্রহের ওপর ভিত্তি করে তৈরি করা হয়েছে আবহাওয়া প্রজেকশন।</li>\r\n          <li><span>4</span> প্রথম আবহাওয়া সংক্রান্ত স্যাটেলাইট ভ্যানগার্ড-২।১৯৫৯ সালের ১৭ ফেব্রুয়ারি নিক্ষিপ্ত হয়েছিল। এটা আবহাওয়া সংক্রান্ত তথ্য সংগ্রহ করে পৃথিবীতে পাঠাতে পারত। টাইরোস-১, তা ১৯৬০ সালের ১ এপ্রিল পৃথিবী থেকে নিক্ষিপ্ত হয় যা বিস্তারিতভাবে পৃথিবীর আবহাওয়া সংক্রান্ত ছবি পাঠাতে সক্ষম হয়েছিল । </li>\r\n          <li><span>5</span> ২০০৯ সালে ১০ ফেব্রুয়ারি আমেরিকার কৃত্রিম উপগ্রহ ইরিডিয়াম ৩৩ এবং রাশিয়ার কসমস ২২৫১ উপগ্রহের ধাক্কা লাগে। ঘটনাটি ঘটে সাইবেরিয়ার ৭৮৯ কিলোমিটার ওপরে। </li>\r\n          <li><span>6</span>  নতুন প্রযুক্তি উপগ্রহের মাধ্যমে তথ্য সংগ্রহ করে কম্পিউটার নেটওয়ার্কের মাধ্যমে গ্রাহকদের কৃষি সম্পর্কে সর্বশেষ তথ্য জানিয়ে দেয়। যুক্তরাষ্ট্রের ভেতরে যে কোনো টার্মিনাল ব্যবহার করে এর সঙ্গে যোগাযোগ করলে তারা জানিয়ে দেয় আবহাওয়ার প্রতিদিনের খবর, শস্যের অবস্থা, মাটির আর্দ্রতা, বৃষ্টিপাত ইত্যাদি।</li>\r\n          <li><span>7</span> স্পারসোতে বর্তমানে কৃত্রিম উপগ্রহের মাধ্যমে খরা ও বন্যার ক্ষতির পরিমাপ, বৃষ্টিপাত, টর্নেডো, ঝড়, সাইক্লোন, জলোচ্ছ্বাস, বন্যার পূর্বাভাস, ভূমি জরিপ, ভূমিক্ষয়, মাটির লবণাক্ততা ও জমির পরিমাণ নির্ণয় করা হচ্ছে। বনের শ্রেণি, সমুদ্রের পানির উচ্চতা, পুকুরের সংখ্যা নির্ণয়, বোরো ধান চাষাবাদের এলাকা পরিমাপ, চিংড়ি চাষ এলাকা, ম্যানগ্রোভ বনাঞ্চল, বঙ্গোপসাগরে ক্লোরোফিলপূর্ণ এলাকা পরিমাপ ইত্যাদি করা হয়।r</li>\r\n          <li><span>8</span>  জাপান, কানাডা ও ফ্রান্স থেকে আমাদের দেশের কৃষি ও আবহাওয়া ইমেজ ক্রয় করা হয়। ওই দেশগুলোর কৃত্রিম উপগ্রহ সবসময় আমাদের দেশের ইমেজ (ছবি) নিচ্ছে। বর্তমানে ঢাকায় আছে ‘জিও স্টেশনারি মেট্রোলজিক্যাল স্যাটেলাইট’। </li>\r\n        </ul>', 'images_new/14b27f55c1.jpg', 1, '2020-08-24 08:03:52'),
(8, 'এলোভেরা চাষ ', 'ঘৃতকুমারী আমাদের সবারই সুপরিচিত একটি গুরুত্বপূর্ণ ভেষজ ওষধি গাছ।দৈনন্দিন ব্যবহার্য বিভিন্ন প্রসাধনীতে প্রায়ই দাবি করা হয়ে থাকে অ্যালোভেরার উপস্থিতির কথা। ঘৃতকুমারী বা অ্যালোভেরা দেখতে অনেকটা আনারস গাছের মত। অ্যালোভেরা গাছের গোড়া থেকেই সবুজ রঙের পাতা হয় এবং পাতাগুলো পুরু ধরনের হয় যার দুই পাশেই করাতের মতো ছোট ছোট কাঁটা থাকে। পাতার ভেতরে স্বচ্ছ পিচ্ছিল ধরনের শাঁস থাকে যাকে অ্যালোভেরা জেল বলা হয়। এই গাছের পাতা থেকেই নতুন গাছ জন্মায়।<ul class=\"nospace group\">\r\n          <li><span>1</span> মানবদেহের জন্য যে ২২টা এমিনো অ্যাসিড প্রয়োজন তার ৮টি এতে বিদ্যমান। এটি প্রচুর পরিমাণে অ্যান্টি-অক্সিডেন্ট, ভিটামিন A, B1, B2, B6, B12, C, E এবং বিটা ক্যারোটিন সমৃদ্ধ। </li>\r\n          <li><span>2</span> এতে বিভিন্ন ধরণের খনিজ লবণ, ক্যালসিয়াম, ম্যাগনেসিয়াম, সোডিয়াম, ক্রোমিয়াম, ম্যাঙ্গানিজ,  জিংক, কপার,  এবং আয়রন বিদ্যমান। এছাড়াও এতে অনেক ধরণের খাদ্যগুন বিদ্যমান।</li>\r\n          <li><span>3</span>ত্বকের যত্নে, ব্রণের সমস্যায়, এর রস দারুণ উপকারী। পরিপাকতন্ত্র সতেজ রাখতে এবং কোষ্ঠকাঠিন্য দূর করতে এর তুলনা অপরিসীম। </li>\r\n          <li><span>4</span>সবরকম জমিতেই ঘৃতকুমারী চাষ সম্ভব; তবে দোঁ-আশ ও অল্প বালু মিশ্রিত মাটিতে গাছের বৃদ্ধি ভালো হয় । </li>\r\n          <li><span>5</span> চাষের সময় হেক্টরপ্রতি ১০ থেকে ১২ টন গোবর মাটির সাথে মিশিয়ে দিতে হবে। এ ছাড়া এ সময় হেক্টরপ্রতি ২২৫ থেকে ২৫০ কেজি টিএসপি ও ৭৫ থেকে ১০০ কেজি এমওপি সার দিতে হবে। অ্যালোভেরা চাষিরা সাধারণত বেশি করে গোবর সার দিয়ে এর চাষ</li>\r\n          <li><span>6</span>সার মেশানোর পর জমিতে চারা লাগানোর জন্য বেড তৈরি করতে হবে। বেড হবে ১.৫ থেকে ২.২৫ মিটার চওড়া। প্রতি দুই বেডের মাঝে ৪০ থেকে ৫০ সেন্টিমিটার নালা রাখতে হবে। </li>\r\n          <li><span>7</span>ঘৃতকুমারীর তিন রকম চারা লাগানো হয়। রুট সাকার বা মোথা,গাছের গোড়া থেকে গজানো চারা ও গাছের গোড়ার অংশ কেটে ফেলে পুরো গাছ।  </li>\r\n          <li><span>8</span>বছরের যেকোনো সময় ঘৃতকুমারীর চারা লাগানো যায়। জুন/ আষাঢ় মাসের শুরুতে গাছ লাগালে তা বাড়ে সবচেয়ে তাড়াতাড়ি। তবে শীত ও বর্ষাকালে চারা না লাগানো ভালো।  </li>\r\n        </ul>', 'images_new/7e80e03068.jpg', 0, '2020-09-22 14:48:54'),
(9, 'স্ট্রবেরির চাষ পদ্বতি ', 'স্ট্রবেরি মূলত শীতপ্রধান অঞ্চলের ফল। তবে বর্তমানে বাংলাদেশের যেসব এলাকায় শীত বেশি পড়ে ও বেশি দিন থাকে সেসব এলাকায় বারি স্ট্রবেরি-১ নামে একটি উচ্চফলনশীল জাতের স্ট্রবেরি চাষ করা হচ্ছে। অক্টোবর থেকে নভেম্বর দুই মাস স্ট্রবেরির চারা লাগানোর জন্য উপযুক্ত। যাদের বড় করে বাগান করার মতো জায়গা আছে তারা অনায়াসেই করতে পারেন কিন্তু যাদের জায়গা নেই তারা চাইলে বারান্দা কিংবা ছাদে ছোট্ট পরিসরে স্ট্রবেরি চাষ করতে পারেন।<ul class=\"nospace group\">\r\n          <li><span>1</span>  স্ট্রবেরি চাষের ক্ষেত্রে সবচেয়ে যে বিষয়টি আপনাকে গুরুত্ব দিতে হবে তা হলো ভালো চারা সংগ্রহ করা। যেকোনো ভালো নার্সারি থেকে আপনি চারা সংগ্রহ করতে পারেন।</li>\r\n          <li><span>2</span>  ৩০ থেকে ৩৫ টাকার মধ্যেই আপনি ভালো চারা পেতে পারেন বা তার চেয়েও কমবেশি হতে পারে। চারা ভালো না হলে তাতে ফল নাও আসতে পারে। </li>\r\n          <li><span>3</span>যারা টবে অর্থাৎ ছোট্ট পরিসরে স্ট্রবেরি চাষ করতে চান তারা প্লাস্টিক কিংবা মাটির টব অথবা যেকোনো ৫ লিটারের প্লাস্টিকের বোতল কেটে চারা লাগাতে পারেন।</li>\r\n          <li><span>4</span> প্রচলিত টবের মাপ সাধারণত ৮/১০ ইঞ্চি হয়ে থাকে এবং সাধারণ মাপই যথেষ্ট। ১টি টবে ১টি চারাগাছ লাগানোটাই আদর্শ। গোবর আর ড্যাপ সার ( ডাই অ্যামোনিয়াম ফসফেট) ব্যবহার করে আপনি মাটিকে উর্বর করে নিতে পারেন। </li>\r\n          <li><span>5</span>অন্যান্য গাছের মতোই নিয়মিত কিছু যত্ন নিতে হবে। যেমন-মরাপাতা কেতে ফেলা, একটু মাটি খুঁচিয়ে দেয়া ও নিয়মিত পানি দেয়া।  </li>\r\n          <li><span>6</span>গাছে ফুল আসার পর থেকে যত্নের পরিমাণ একটু বাড়াতে হবে। যেমন- ফুলের নিচের অংশের মাটির উপর এমন কিছু দিন খড় বা কাপড় যাতে ফল মাটি স্পর্শ না করে, মাটি স্পর্শ করলে ফল পচে যাবার সম্ভাবনা থাকে। একটা গাছে ২০ থেকে ৩০টা ফল পাওয়া সম্ভব। </li>\r\n          <li><span>7</span>ফল পাকা শুরু হলে নেট দিতে এমনভাবে ঢেকে দিতে হবে যাতে পাখি খেয়ে ফেলতে না পারে।</li>\r\n          <li><span>8</span> পোকামাকড় হলে কীটনাশক যতটুকু সম্ভব ব্যবহার না করাই ভালো। পোকামাকড় আক্রান্ত পাতা ফল সঙ্গে সঙ্গেই কেটে ফেলে দিতে হবে।</li>\r\n        </ul>', 'images_new/723c7d84aa.jpg', 0, '2020-09-22 14:55:29');

-- --------------------------------------------------------

--
-- Table structure for table `cart_table`
--

CREATE TABLE `cart_table` (
  `cart_id` int(11) NOT NULL,
  `product_id` int(11) NOT NULL,
  `product_qty` int(11) NOT NULL,
  `product_price` varchar(200) NOT NULL,
  `product_image` varchar(300) NOT NULL,
  `customer_id` int(11) NOT NULL,
  `browser_id` int(11) NOT NULL,
  `farmer_id` int(11) NOT NULL,
  `process` tinyint(4) NOT NULL
) ENGINE=InnoDB DEFAULT CHARSET=utf8mb4;

-- --------------------------------------------------------

--
-- Table structure for table `category`
--

CREATE TABLE `category` (
  `category_id` int(11) NOT NULL,
  `category_name` varchar(200) NOT NULL
) ENGINE=InnoDB DEFAULT CHARSET=utf8mb4;

--
-- Dumping data for table `category`
--

INSERT INTO `category` (`category_id`, `category_name`) VALUES
(21, 'শস্য দানা '),
(22, 'পেট কেয়ার '),
(23, 'দুধ এবং ডেইরি পন্য '),
(27, 'বেবি ফুড এন্ড কেয়ার '),
(28, 'মাছ এবং মাংস '),
(29, 'চাল'),
(30, 'কুকিং এসেনশিয়াল '),
(31, 'পানীয়দ্রব্য  '),
(32, 'দেশীয় ফ্যশন /লাইফস্টাইল '),
(33, 'সি ফুড '),
(34, 'পাটজাত দ্রব্য ');

-- --------------------------------------------------------

--
-- Table structure for table `comment_table`
--

CREATE TABLE `comment_table` (
  `comment_id` int(11) NOT NULL,
  `comment` text NOT NULL,
  `date` timestamp NOT NULL DEFAULT current_timestamp(),
  `product_id` int(11) NOT NULL,
  `name` varchar(300) NOT NULL,
  `email` varchar(300) NOT NULL,
  `replay` tinyint(4) NOT NULL
) ENGINE=InnoDB DEFAULT CHARSET=utf8mb4;

--
-- Dumping data for table `comment_table`
--

INSERT INTO `comment_table` (`comment_id`, `comment`, `date`, `product_id`, `name`, `email`, `replay`) VALUES
(7, 'fsdfsd', '2020-12-20 13:42:54', 34, 'Tahamina Rumi', 'tahaminarumi@yahoo.com', 1),
(8, 'fdsf', '2020-12-20 13:42:57', 34, 'Tahamina Rumi', 'tahaminarumi@yahoo.com', 1),
(9, 'sfsd sdfsdf sdf sdsdf fsd sdf sdf sdjfsdfsdkjfsd sd sdfi sdf sd fsdof oasd fdsoosd fosdo dfsfosd fosdof  sfdo', '2020-12-20 13:43:44', 34, 'Tahamina Rumi', 'tahaminarumi@yahoo.com', 1),
(10, 'hello i am mitu ', '2020-12-20 13:45:50', 34, 'Mitu', 'mitu18@gmail.com', 1),
(24, 'ttss', '2021-08-29 09:36:29', 29, 'Mitu', 'mitu18@gmail.com', 1),
(25, 'd', '2021-08-29 09:37:14', 33, 'Mitu', 'mitu18@gmail.com', 1),
(26, 'ss', '2021-08-29 09:38:19', 33, 'Mitu', 'mitu18@gmail.com', 1),
(27, 's', '2021-08-29 09:38:44', 50, 'Mitu', 'mitu18@gmail.com', 1),
(28, 'ss', '2021-08-29 09:39:01', 50, 'Mitu', 'mitu18@gmail.com', 1);

-- --------------------------------------------------------

--
-- Table structure for table `confirm_table`
--

CREATE TABLE `confirm_table` (
  `confirm_id` int(11) NOT NULL,
  `browser_id` varchar(300) NOT NULL,
  `customer_id` int(11) NOT NULL,
  `farmer_id` int(11) NOT NULL,
  `confermation` tinyint(4) NOT NULL,
  `time` timestamp NOT NULL DEFAULT current_timestamp()
) ENGINE=InnoDB DEFAULT CHARSET=utf8mb4;

--
-- Dumping data for table `confirm_table`
--

INSERT INTO `confirm_table` (`confirm_id`, `browser_id`, `customer_id`, `farmer_id`, `confermation`, `time`) VALUES
(86, '', 0, 1, 0, '2020-09-16 05:31:21'),
(87, '', 34, 0, 0, '2020-09-16 05:32:35'),
(88, '', 36, 0, 0, '2020-09-21 08:38:35');

-- --------------------------------------------------------

--
-- Table structure for table `contact_table`
--

CREATE TABLE `contact_table` (
  `contact_id` int(11) NOT NULL,
  `name` varchar(300) NOT NULL,
  `email` varchar(300) NOT NULL,
  `phone` varchar(100) NOT NULL,
  `comment` varchar(600) NOT NULL,
  `seen` tinyint(4) NOT NULL,
  `date` timestamp NOT NULL DEFAULT current_timestamp()
) ENGINE=InnoDB DEFAULT CHARSET=utf8mb4;

--
-- Dumping data for table `contact_table`
--

INSERT INTO `contact_table` (`contact_id`, `name`, `email`, `phone`, `comment`, `seen`, `date`) VALUES
(1, 'fsdf', 'dipta995@gmail.com', '1234567891234', 'This is an example of a comment made on a post. You can either edit the comment, delete the comment or reply to the comment. Use this as a place to respond to the post or to share what you are thinking.', 1, '2020-08-11 11:09:51'),
(4, 'shimu', 'shimu@gmail', '123456789', 'very good site ', 0, '2020-08-24 10:51:30'),
(5, 'fsdf', 'parvez@gmail.com', '1234567898525', 'fsfsfsfsf sdfsdf sdf sdd fsdf ', 0, '2020-09-02 15:59:13');

-- --------------------------------------------------------

--
-- Table structure for table `customer_table`
--

CREATE TABLE `customer_table` (
  `customer_id` int(11) NOT NULL,
  `customer_name` varchar(300) NOT NULL,
  `customer_email` varchar(300) NOT NULL,
  `customer_password` varchar(300) NOT NULL,
  `image` varchar(300) NOT NULL,
  `customer_phone` varchar(200) NOT NULL,
  `lock_cus` tinyint(4) NOT NULL,
  `customer_address` varchar(300) NOT NULL
) ENGINE=InnoDB DEFAULT CHARSET=utf8mb4;

--
-- Dumping data for table `customer_table`
--

INSERT INTO `customer_table` (`customer_id`, `customer_name`, `customer_email`, `customer_password`, `image`, `customer_phone`, `lock_cus`, `customer_address`) VALUES
(36, 'Mitu', 'mitu18@gmail.com', '123456789', 'images_new/aa9c85261c.jpg', '01717101010', 0, 'Dohar,Dhaka '),
(37, 'Fatema', 'fatema@gmail.com', '12345678 ', 'images_new/6c0795aac0.jpg', '01717332233', 0, 'মুন্সিগঞ্জ ');

-- --------------------------------------------------------

--
-- Table structure for table `district_table`
--

CREATE TABLE `district_table` (
  `district_id` int(11) NOT NULL,
  `dis_name` varchar(200) NOT NULL,
  `division_id` int(11) NOT NULL
) ENGINE=InnoDB DEFAULT CHARSET=utf8mb4;

--
-- Dumping data for table `district_table`
--

INSERT INTO `district_table` (`district_id`, `dis_name`, `division_id`) VALUES
(6, 'নারায়নগঞ্জ', 6),
(7, 'মানিকগঞ্জ', 6),
(8, 'ভোলা', 9),
(9, 'ঝালকাঠি ', 9),
(10, 'বান্দরবান ', 10),
(11, 'কক্সবাজার ', 10),
(12, 'খাগড়াছড়ি ', 10),
(13, 'ফটিকছড়ি ', 10),
(14, 'রাঙ্গামাটি ', 10),
(15, ' মৌলভিবাজার', 11),
(16, 'হবিগঞ্জ ', 11),
(17, 'বগুড়া ', 13),
(18, 'লালমনিরহাট ', 13),
(19, 'জয়পুরহাট ', 6),
(20, 'দিনাজপুর ', 6),
(21, 'যশোর', 15),
(22, 'মেহেরপুর', 15),
(23, 'চুয়াডাঙ্গা ', 15);

-- --------------------------------------------------------

--
-- Table structure for table `division_table`
--

CREATE TABLE `division_table` (
  `division_id` int(11) NOT NULL,
  `div_name` varchar(200) NOT NULL
) ENGINE=InnoDB DEFAULT CHARSET=utf8mb4;

--
-- Dumping data for table `division_table`
--

INSERT INTO `division_table` (`division_id`, `div_name`) VALUES
(6, 'ঢাকা'),
(9, 'বরিশাল'),
(10, 'চট্টগ্রাম'),
(11, 'সিলেট'),
(13, 'রাজশাহী'),
(14, 'ময়মনসিংহ'),
(15, 'খুলনা ');

-- --------------------------------------------------------

--
-- Table structure for table `farmer_table`
--

CREATE TABLE `farmer_table` (
  `farmer_id` int(11) NOT NULL,
  `farmer_name` varchar(200) NOT NULL,
  `farmer_email` varchar(250) NOT NULL,
  `farmer_password` varchar(300) NOT NULL,
  `farmer_phone` varchar(200) NOT NULL,
  `farmer_address` varchar(300) NOT NULL,
  `image` varchar(300) NOT NULL,
  `lock_far` tinyint(4) NOT NULL
) ENGINE=InnoDB DEFAULT CHARSET=utf8mb4;

--
-- Dumping data for table `farmer_table`
--

INSERT INTO `farmer_table` (`farmer_id`, `farmer_name`, `farmer_email`, `farmer_password`, `farmer_phone`, `farmer_address`, `image`, `lock_far`) VALUES
(3, 'Tahamina Rumi', 'tahaminarumi@yahoo.com', '12345678', '017100001111', 'Khilgaon,Dhaka-1219', 'images_new/957808b5a7.jpg', 0),
(9, 'Tanvir', 'tanvir@gmail.com', '12345678 ', '01717000000', 'sunamgonj,sylhet', 'images_new/d52e69d035.jpg', 0),
(10, 'farmer', 'f@g.c', '12345678', '12345678987', 'dd', 'images_new/6b837e1ef5.jpg', 0);

-- --------------------------------------------------------

--
-- Table structure for table `macro_green`
--

CREATE TABLE `macro_green` (
  `macro_id` int(11) NOT NULL,
  `macro_title` varchar(300) NOT NULL,
  `macro_image` varchar(300) NOT NULL,
  `macro_details` text NOT NULL,
  `date` timestamp NOT NULL DEFAULT current_timestamp()
) ENGINE=InnoDB DEFAULT CHARSET=utf8mb4;

--
-- Dumping data for table `macro_green`
--

INSERT INTO `macro_green` (`macro_id`, `macro_title`, `macro_image`, `macro_details`, `date`) VALUES
(4, 'মাইক্রোগ্রীন এর সূচনা ', 'images_new/db0b4e6dd2.jpeg', 'মাইক্রোগ্রীনরা ১৯৮০ এর দশকের শুরুতে সান ফ্রান্সিসকোতে শেফদের মেনুতে নজর কাড়ছিল। দক্ষিণ ক্যালিফোর্নিয়ায়, মাইক্রোগ্রেনগুলি প্রায় ৯০ দশকের মাঝামাঝি থেকে বহুতল বাড়ির ব্যালকনিতে জায়গা করে নেওয়া শুরু করে। সেইসময় প্রাথমিকভাবে কয়েকটি জাত সরবরাহ করা হয়েছিল; যেগুলি উপলভ্য ছিল সেগুলি হলেন: আরুগুলা, তুলসী, বিট, কেল, সিলান্ট্রো এবং \"রেইনবো মিক্স\" নামে একটি বর্ণিল মিশ্রণ। ক্যালিফোর্নিয়া থেকে পূর্ব দিকে মাইক্রোগ্রীনের ব্যাপ্তি ছড়িয়ে পরে, তারা এখন যুক্তরাষ্ট্রে বেশিরভাগ অঞ্চলে জন্মে এবং বিভিন্ন ধরণের ক্রমবর্ধমান সংখ্যক জাত উপলব্ধ রয়েছে। আজ, আমেরিকা যুক্তরাষ্ট্রে মাইক্রোগ্রেনের  বিভিন্ন শিল্পে বিভিন্ন বীজ সংস্থা এবং উৎপাদক রয়েছে।', '2020-09-19 06:51:10'),
(5, 'মাইক্রোগ্রীন ফারমিং ', 'images_new/7528c6fec3.jpg', 'আপনি যদি আপনার বাড়ির একটুখানি জায়গায় বিজ্ঞানের এই উন্নত পদ্ধতিতে সাহায্যে ছোট ছোট ডালপালা সহ চারাগাছ করতে চান, তবে আপনার প্রয়োজন হবে ছোট বা মাঝারি আকারের প্লাস্টিকের বাটি ওই জাতীয় জিনিস। এরপর সেই বাটির নিচে টবের মত করে ফুটো করে নিতে হবে। তারপর ওই মাটির বিকল্প হিসেবে নারকেল ছোবড়ার গুড়ো বা কোকোপিট ইত্যাদি ভালো করে বাটিতে ছড়িয়ে দিতে হবে মাটির মতো করে। তারপর আপনি যেই খাদ্যশস্য ফলাতে চান যেমন ধনে মূল্য মোটর অর্থাৎ ছোলা জাতীয় কীছু জিনিস। তবে সে ক্ষেত্রে কোন এক প্রকারের বীজ বাবা টির মধ্যে প্রায় ৮ থেকে ২৪ ঘণ্টা খাদ্যশস্যের প্রয়োজন অনুযায়ী) ঘন্টা ভিজিয়ে আপনার তৈরি করা কোকো পিঠের ওপরে ছড়িয়ে দিতে হবে।   তারপর খানিকটা জল দিয়ে দিলে আপনার কাজ শেষ। এরপর আপনার বীজ কোকোপিট সহ পাত্রটি সূর্যের আলোয় রাখুন (সূর্যের আলোয়, না অন্ধকারে রাখা তা সেই বীজের উপর নির্ভর করবে, সুতরাং বীজ যেখান থেকে নিলেন তার থেকে জেনে নিবেন)। দিন দুয়েক বা কিছু ক্ষেত্রে বড়জোর ৫ দিনের মধ্যেই অঙ্কুরোদগম হবে। মোটামুটি পাঁচদিন পরেই বা সপ্তাহ পরে গাছের কান্ড অংশটা বেশ কয়েক ইঞ্চি বেড়ে যাবে এর সাথে সাথে দু\'চারটে পাতাও দেখা যাবে মোটামুটি ১০ থেকে ১২ দিন হয়ে গেলে পাতাসহ চিকন ডালগুলো আরো কয়েক ইঞ্চি বেড়ে যাবে। ব্যাস আর অপেক্ষা কিসের! মাটির থেকে একটু উচ্চতা সহকারে ডালগুলো দিন কেটে, আর খেয় নিন সবুজ ভরা মাইক্রোগ্রীন।', '2020-09-19 06:54:55'),
(6, 'Microgreens এর সম্ভাব্য স্বাস্থ্য উপকারিতা', 'images_new/8190159634.jpeg', 'পুষ্টি উপাদান ব্যতীত মাইক্রোগ্রিনের জন্য সত্যিই অনেক গবেষণা পাওয়া যায় না, সুতরাং এটি নিশ্চিত করা কঠিন যে কোনও বিশেষ মাইক্রোগ্রিন খাওয়া কোনও নির্দিষ্ট স্বাস্থ্য উপকারিতা তৈরি করবে। মানুষের মধ্যে মাইক্রোগ্রিনের ব্যবহার দেখে এমন কোন গবেষণায় দেখা যায় না, গবেষণায় এক গবেষণায় দেখা গেছে যে অতিরিক্ত ওজনযুক্ত চর্বিযুক্ত খাবার ও লাল বাঁধাকপি মাইক্রোগ্রিন খাওয়ানো হয়েছে এলডিএল-কলেস্টেরল (খারাপ ধরনের) কম এবং এতে ওজন বেশি ছিল না মাউস একা উচ্চ ফ্যাট ডায়েট বা পরিপক্ক লাল বাঁধাকপি খাওয়ানো।\r\n\r\nঅবশ্যই, এটি প্রাণীদের গবেষণায় মানুষের কাছ থেকে দীর্ঘ প্রসারিত, কিন্তু এটি বুঝেছে যে স্বাস্থ্যবিষয়ক ফাইটোকোকেমিক্যালগুলিতে উচ্চ উদ্ভিদের ক্ষুদ্র উদ্ভিজ্জ যেমন লাল বাঁধে পাওয়া যায়, একই রকম স্বাস্থ্যের সুবিধা থাকতে পারে। আসলে, আরেকটি গবেষণায় ব্রাসিক প্রজাতির লাল শাক, লাল সরিষা, রক্তবর্ণ সরিষা এবং রক্তবর্ণ কোহলব্বি সহ মাইক্রোগ্রিন পাওয়া যায়, যা আসলে পরিপক্ক গাছগুলির তুলনায় পলিফেনলসের আরও জটিল এবং আরও বেশি ধরণের।', '2020-09-19 06:56:46');

-- --------------------------------------------------------

--
-- Table structure for table `order_table`
--

CREATE TABLE `order_table` (
  `order_id` int(11) NOT NULL,
  `product_id` int(11) NOT NULL,
  `product_qty` int(11) NOT NULL,
  `product_price` varchar(150) NOT NULL,
  `product_image` varchar(160) NOT NULL,
  `customer_id` int(11) NOT NULL,
  `farmer_id` int(11) NOT NULL,
  `sleep_no` int(11) NOT NULL,
  `process` tinyint(4) NOT NULL,
  `created_at` timestamp NOT NULL DEFAULT current_timestamp()
) ENGINE=InnoDB DEFAULT CHARSET=utf8mb4;

--
-- Dumping data for table `order_table`
--

INSERT INTO `order_table` (`order_id`, `product_id`, `product_qty`, `product_price`, `product_image`, `customer_id`, `farmer_id`, `sleep_no`, `process`, `created_at`) VALUES
(43, 29, 2, '200', 'images_new/158cf6dd13.jpg', 36, 3, 1629790775, 1, '2021-08-24 07:39:35'),
(44, 33, 1, '70', 'images_new/957f45186a.jpg', 36, 9, 1629810850, 1, '2021-08-24 13:14:10'),
(45, 50, 3, '30', 'images_new/310f2bff17.jpg', 36, 3, 1630228217, 1, '2021-08-29 09:10:17');

-- --------------------------------------------------------

--
-- Table structure for table `pay_table`
--

CREATE TABLE `pay_table` (
  `pay_id` int(11) NOT NULL,
  `accounts` varchar(266) NOT NULL,
  `account_no` bigint(20) NOT NULL,
  `otp` int(11) NOT NULL,
  `customer_id` int(11) NOT NULL
) ENGINE=InnoDB DEFAULT CHARSET=utf8mb4;

--
-- Dumping data for table `pay_table`
--

INSERT INTO `pay_table` (`pay_id`, `accounts`, `account_no`, `otp`, `customer_id`) VALUES
(30, '400', 1723644855, 434343434, 36),
(31, '70', 1723644855, 434343434, 36),
(32, '90', 0, 0, 36);

-- --------------------------------------------------------

--
-- Table structure for table `post_table`
--

CREATE TABLE `post_table` (
  `post_id` int(11) NOT NULL,
  `post_title` varchar(200) NOT NULL,
  `post_image` varchar(200) NOT NULL,
  `post_details` text NOT NULL,
  `front_view` tinyint(4) NOT NULL,
  `upload_time` date NOT NULL DEFAULT current_timestamp()
) ENGINE=InnoDB DEFAULT CHARSET=utf8mb4;

--
-- Dumping data for table `post_table`
--

INSERT INTO `post_table` (`post_id`, `post_title`, `post_image`, `post_details`, `front_view`, `upload_time`) VALUES
(29, 'ফলের বাণিজ্যিক চাষ পদ্ধতি ও বাগান ব্যবস্থাপনা', 'images_new/9be1d509ea.jpg', 'ফল ফসলের সমস্যা, সম্ভাবনা এবং গাছের বৈশিষ্ট্য মাঠ ফসল থেকে সম্পূর্ণ ভিন্ন। এজন্য ফল ফসলের চাষ তথা ফলের নতুন বাগান স্থাপনে মাঠ ফসল থেকে ভিন্ন ধরনের জ্ঞান ও অভিজ্ঞতা প্রয়োজন। বাংলাদেশে ফল উৎপাদনে বহুবিধ সমস্যা রয়েছে। এর মধ্যে উল্লেখযোগ্য হচ্ছে-\r\n\r\n\r\n* চাষোপযোগী জমির স্বল্পতা\r\n* উচ্চফলনশীল, রোগ ও পোকামাকড় সহনশীল, প্রতিকূল আবহাওয়া উপযোগী উন্নত জাতের অভাব\r\n* অনিয়মিত ফল ধারণ\r\n* মৌসুমভিত্তিক প্রাপ্যতা\r\n* অপর্যাপ্ত গুণগতমানসম্পন্ন রোপণ দ্রব্য\r\n* পরিচর্যার অভাব ও রোগ ও পোকামাকড়ের উচ্চ প্রাদুর্ভাব\r\n* উচ্চ সংগ্রহোত্তর অপচয়\r\n* ফল চাষে কৃষকদের সচেতনতার অভাব\r\n* প্রযুক্তি হস্তান্তরে ধীরগতি ও বাজারজাত করণে প্রতিবন্ধকতা', 0, '2020-09-18'),
(30, 'বাংলাদেশে চাষ উপযোগী সম্ভাবনাময়ী বিদেশি ফল অ্যাভোকাডো', 'images_new/840fc9e9dd.jpg', 'বাংলাদেশে যেসব বিদেশি ফল অধুনা চাষ জনপ্রিয়তা পাচ্ছে তার মধ্যে অ্যাভোকাডো অন্যতম। অন্যান্য ফলের তুলনায় এ ফলের মিষ্টতা কম হওয়ায় ডায়াবেটিস রোগীর জন্য অতি উপযোগী। এ ফলের আকার অনেকটা পেয়ারা বা নাশপাতির মতো। একেকটা ফলের ওজন প্রায় ৩০০-৭০০ গ্রাম হয়। ফলের ভেতরে বেশ বড় ডিম্বাকার বীজ থাকে। আহার্য্য অংশ মাখনের মত মসৃণ, হালকা মিষ্টি স্বাদের। একই কারণে অনেকের কাছে এটি মাখন ফল নামে পরিচিত। পেঁপের মতো কাঁচা-পাকা ফল, সবজি, ভর্তা, সালাদ, শরবতসহ ভিন্নতরভাবে খাওয়ার সুবিধা আছে। টোস্টে মাখনের পরিবর্তে অ্যাভোকাডো ক্রিম দিয়ে খাওয়া, সালাদে, স্যান্ডুইচে মেয়নেজের পরিবর্তে অ্যাভোকাডোর ক্রিম দিয়ে আহার করা স্বাস্থ্যসম্মত।\r\n\r\n\r\nউৎস ও বিস্তার : এ ফলের আদি স্থান মেক্সিকো ও গুয়াতেমালা। পরে এটি আমেরিকা ও ক্যারাবিয়ান দেশগুলোতে বিস্তার ঘটে। যেসব দেশে বেশি অ্যাভোকাডো উৎপন্ন হয় তার মধ্যে মেক্সিকো, চিলি, ইন্দোনেশিয়া, আমেরিকা, কলম্বো, পেরু, কেনিয়া, ব্রাজিল, রুয়ান্ডা, চীন অন্যতম। অধুনা শ্রীলঙ্কা, ভিয়েতনাম, ফিলিপাইনস, থ্যাইল্যান্ড, ইসরাইল, নেদারল্যান্ডস ও ভারতে এ ফলের চাষের প্রবণতা বাড়ছে। বর্তমানে বাংলাদেশের বিভিন্ন জেলায় ৬০-৭০ জন উৎসাহী চাষি এ ফল সফলভাবে চাষ করছে। তবে তাদের এসব গাছ বীজ থেকে তৈরি এবং অ্যাভোকাডো গাছের সংখ্যা খুব কম, দু-চারটের বেশি নয়। ডিএই আওতাধীন ৫ থেকে ৭টা হর্টিকালচার সেন্টারে রোপিত অ্যাভোকাডো গাছে ফল দেয়া আরম্ভ করেছে। বর্তমানে প্রচুর ফল অনুরাগী অ্যাভোকাডো ফল চাষে অতি আগ্রহী হচ্ছে।', 0, '2020-09-18'),
(31, 'বোরো ধান চাষে নতুন পদ্ধতি আশা জাগিয়েছে বাংলাদেশে', 'images_new/4589aaea83.jpg', 'বাংলাদেশে বোরোর যে কয়টি প্রজাত পাওয়া যায় তার মধ্যে জনপ্রিয় প্রায় সবগুলোই উদ্ভাবন করেছে বাংলাদেশ ধান গবেষনা ইন্সটিটিউট। এই জাতের ধান উদ্ভাবনের মূল উদ্দেশ্য ছিল যাতে এগুলো বন্যার সময় জলাবদ্ধ জমিতে টিকে থাকতে পারে। বহু বছর যাবত এই  ধান সাফল্যের সাথে বাংলাদেশ, ভারত ও নেপালে চাষ হয়ে আসছে। বাংলাদেশ উৎপাদিত ধানের মধ্যে বোরো সবচেয়ে এগিয়ে রয়েছে। গত ২০১৩-১৪ সালে সারাদেশে উৎপাদিত ধানের পরিমান ছিল ৩৪.৫ মিলিয়ন মেট্রিক টন। এর মধ্যে ১৯ মিলিয়ন মেট্রিক টনই ছিল বোরো।   দেশের খাদ্য চাহিদা মোকাবেলায় বোরো’র যথেষ্ট ভূমিকা থাকা স্বত্বেও ক্রমবর্ধমান জল সংকট এবং জলবায়ু পরিবর্তনের বিরুপ প্রভাবের কথা বিবেচনা করে বাংলাদেশ সরকার গত বেশ কয়েক বছর যাবত এই ধান উৎপাদনে কিছুটা উৎসাহ হারিয়েছে।\r\n\r\nবোরো ধান থেকে এক কেজি চাল উৎপাদনে কমপক্ষে ৩,৫০০ লিটার জলের প্রয়োজন হয়। সাধারণত ডিসেম্বরের মাঝামাঝি সময়ে বোরো চাষীরা বীজতলায় এর চারা প্রস্তুত করেন। বীজতলা থেকে জমিতে চারা রোপনের পর্যায়ে আসতে ৪৫ দিন সময় প্রয়োজন হয়।\r\n\r\nবীজতলা থেকে চারা উৎপাদনের পর তা জলমগ্ন জমিতে বপন করা হতো। গত কয়েক দশকে শহরাঞ্চলে জলের চাহিদা বৃদ্ধি এবং ভূ-গর্ভস্থ্য জলের স্তর নিচে নেমে যাওয়ায় কৃষকরা এই ধান উৎপাদনে আগ্রহ হারিয়েছেন অনেকটা। ক্রমবর্ধমান জল সংকটের ফলে বাংলাদেশের কৃষির অন্যতম বুনিয়াদ বোরো ধান গত কয়েক বছরে কিছুটা আশংকার মধ্যে পড়েছে। অপরদিকে যথেষ্ট উৎপাদন হলেও সরকারের কাছ থেকে যথাযথ মূল্যও পাচ্ছেন না কৃষকরা।\r\n\r\nবোরো চাষে শুষ্ক পদ্ধতি\r\n\r\nবাংলাদেশ কৃষি বিশ্ববিদ্যালয়ের বিজ্ঞানীরা বোরো চাষের জন্য নতুন একটি পদ্ধতি আবিস্কার করেছে। তারা একে বলছেন শুষ্ক পদ্ধতি। নতুন এ পদ্ধতিটি বোরো চাষে জলের ব্যবহার অনেক কমিয়ে এনেছে। বলা হচ্ছে প্রচলিত পদ্ধতিতে চাষ না করে এই পদ্ধতিতে বোরো ধান চাষ করা হলে জলের ব্যবহার অর্ধেকে নেমে আসবে।\r\n\r\nনতুন এই পদ্ধতির প্রবক্তা বাংলাদেশ কৃষি বিশ্ববিদ্যালয়ের অধ্যাপক মশিউর রহমান। তিনি বলেন, এই প্রক্রিয়ায় বোরো ধান চাষ করা হলে জলের ব্যবহার ৫০ শতাংশ হ্রাস করা সম্ভব।\r\n\r\nনতুন এই পদ্ধতিতে জমিতে বীজতলা থেকে চারা তৈরীর যে প্রক্রিয়া রয়েছে তা বাদ দেয়া হয়েছে। এর পরিবর্তে বপনের আগে বীজগুলো ২৪ ঘন্টা জলের মধ্যে রেখে দেয়া হয়। ফলে যথেষ্ট সময় ও জল বাঁচানো যায়। এরপর জমিতে বীজ বপনের সময়ও একটি প্রক্রিয়া অনুরসরন করা হয়, তা হচ্ছে  – জমিতে বীজতলায় তৈরীর সময় একটি বীজ থেকে অপর বীজের দুরত্ব রাখা হয় ১৫ সে.মি. এবং এক সারি থেকে অপর সারির দুরত্ব রাখা হয ২৫ সে.মি. – ঠিক যেভাবে গম চাষ করা হয়। এভাবে বীজতলা থেকে চারা উৎপাদনের প্রক্রিয়া এড়িয়ে জলের ব্যবহার কমে আসে ৩৫ শতাংশ। এছাড়াও যেহেতু চারাগুলোকে ১৫ দিন জলের নিচে থাকতে হয় না তাই এর মাধ্যমেও জলের ব্যবহার আরো ১৫ শতাংশ কমানো যায়।', 0, '2020-09-18'),
(32, 'রোপা পদ্ধতিতে (STP) আখ চাষ', 'images_new/fe6d2e8336.jpg', 'রোপা পদ্ধতিতে ইক্ষু চাষ (STP)\r\n\r\nবিভিন্ন পদ্ধতিতে ইক্ষু চারা  উৎপাদন, চারার পরিচর্যা ও মূল জমিতে রোপণ।\r\n\r\n \r\n\r\nসরাসরি মাঠে বীজখন্ড রোপণের পরিবর্তে চারা তৈরী করে ইক্ষু চাষ করাকে রোপা আখ চাষ বলে। রোপা পদ্ধতিতে ধানের মত বীজ তলায় চারা উৎপাদন করে সেই চারা মূল জমিতে নির্দিষ্ট দূরত্বে রোপণ করা হয়। সরাসরি বীজখণ্ড মাঠে রোপণের পরিবর্তে চারা উৎপাদন করে রোপণ করায় চারাগুলির মধ্যে সুনির্দিষ্ট ও সমান দূরত্ব বজায় রেখে প্রয়োজনীয় সংখ্যক মাড়াইযোগ্য ইক্ষু উৎপাদনের মাধ্যমে ইক্ষুর ফলন বৃদ্ধি নিশ্চিত করা রোপা পদ্ধতির মূল উদ্দেশ্য।\r\n\r\n \r\n\r\nসুবিধা :\r\n\r\nপ্রচলিত পদ্ধতির তুলনায় মাত্র চার ভাগের এক ভাগ বীজের প্রয়োজন হয়।\r\nনির্দিষ্ট দূরত্বে চারা রোপণের ফলে জমিতে প্রয়োজনীয় গাছের সংখ্যা নিশ্চিত করা যায়।\r\nবছরের যে কোন সময় ইক্ষু রোপণ করা যায়।\r\nউৎপাদনকাল কমিয়ে আনা সম্ভব।\r\nঅতিরিক্ত কাজের সুযোগ সৃষ্টি হয়।\r\nঅল্প খরচে অধিক ফলন ও মুনাফা পাওয়া যায়।', 0, '2020-09-18'),
(33, 'ঘরেই তৈরি করুন গরম মসলার গুড়া ', 'images_new/91ec9bd7f8.jpg', 'উপকরণ\r\nছোট সবুজ এলাচ- ২ টেবিল চামচ\r\nবড় এলাচ- ৬/৭টি\r\nদারুচিনি- কয়েক টুকরা\r\nজয়ফল- ছোট সাইজের ১টি\r\nজয়ত্রী- ২ টুকরা \r\nলবঙ্গ- আধা টেবিল চামচ\r\nতেজপাতা- ৫/৬টি\r\nসাদা গোলমরিচ- আধা চা চামচ  \r\nস্টার মসলা- ২টি\r\nমৌরি- ১ টেবিল চামচ\r\nআস্ত ধনিয়া- ৩ টেবিল চামচ\r\nজিরা- ৩ টেবিল চামচ\r\nশাহি জিরা- ১ টেবিল চামচ  \r\nকালো গোলমরিচ- ১ চা চামচ\r\nশুকনা মরিচ- ৪টি\r\nপ্রস্তুত প্রণালি\r\nসাধারণ গরম মসলা তৈরির জন্য আস্ত ধনিয়া, ছোট সবুজ এলাচ, কালো গোলমরিচ, জিরা, তেজপাতা ও দারুচিনি লাগবে। শুকনা মরিচ দিতে পারেন চমৎকার রংয়ের জন্য। তবে না দিলেও ক্ষতি নেই। লবঙ্গ ও গোলমরিচ বেশি পরিমাণে দেবেন না। এতে ঝাঁঝালো হয়ে যাবে মসলা। এসব উপকরণের বাইরে যেগুলো আছে, সেগুলো সব মিলিয়ে তৈরি করলেই হয়ে যাবে স্পেশাল গরম মসলা। সব মসলা একসঙ্গে মিশিয়ে কড়া রোদে শুকিয়ে নিন। মচমচে হয়ে গেলে গ্রিন্ডারে গুঁড়া করে নিন। চাইলে চুলার নিচে রেখেও মচমচে করে নিতে পারেন মসলা। চুলায় গরম করতে চাইলে সাবধানে গরম করবেন যেন পুড়ে না যায়। ফ্রাইপ্যানে দেওয়ার সময় ভারি মসলা আলাদা করে দেবেন।\r\n৩ থেকে ৪ মাস রুম টেম্পারেচারে ভালো থাকবে এই মসলার গুঁড়া। ফ্রিজেও রাখতে পারেন চাইলে। তবে মাঝে মাঝে রোদে দেবেন অবশ্যই।', 0, '2020-09-19'),
(34, 'তিসি ', 'images_new/24ec83a1df.png', 'ফসলের নাম-তিসি (Linseed)\r\n\r\nউদ্ভিদতাত্ত্বিক নাম: Linum Utitatissimum Linn.\r\n\r\nপরিবার: Linaceae.\r\n \r\n\r\n১.  পুষ্টিমূল্য/উপাদান : প্রোটিন, তেল, কার্বোহাইড্রেট, ছাই, আঁশ বিদ্যমান।\r\n \r\n\r\n৩.  ব্যবহার : যন্ত্রপাতির জন্য গ্রিজ ও সাবান তৈরিতে ব্যবহার করা হয়।\r\n \r\n\r\n৪.  উপযুক্ত জমি ও মাটি : এঁটেল মাটি তিসি চাষের জন্য সবচেয়ে বেশি উপযোগী। পলি দো-আঁশ ও এঁটেল দো-আঁশ মাটিতেও এর চাষ করা যায়।\r\n \r\n\r\n৫.  জাত পরিচিতি : নীলা (লিন-১)\r\n\r\nজাতটি বাছাই প্রক্রিয়ার মাধ্যমে নির্বাচন করা হয়েছে এবং ১৯৮৮ সালে জাতীয় বীজ বোর্ড কর্তৃক অনুমোদিত হয়। জাতটির বৈশিষ্ট্য হলো-বীজ ছোট ও চেপ্টা। ফল ১০০০ বীজের ওজন ৩.০-৩.৫ গ্রাম। ফুলের রং নীল। বীজ হাতে ধরলে পিচ্ছিল অনুভূত হয়। বীজে তেলের রিমাণ শতকরা ৩৮ ভাগ। হেক্টর প্রতি ফলন ৮৫০-৯৫০ কেজি।\r\n\r\n\r\n৬. বীজ বপন : কার্তিক মাস (মধ্য অক্টোবর হতে বীজ ছিটিয়ে বপন করতে হয়। তবে সারিতে বপন করলে সারি থেকে সারির দূরত্ব হবে ৩০ সে.মি.।\r\n \r\n\r\n৭. বীজের হার :     ৭-৮ কেজি/হেক্টর।\r\n \r\n\r\n৮. সারব্যবস্থাপনা : সাধারণত তিসি বিনা সারে চাষ করা হয়। তবে ভালো ফলন পেতে হলে নিম্নরূপ হারে সার প্রয়োগ করতে হবে।\r\nসার               হেক্টর প্রতি সারের পরিমাণ (কেজি)\r\nইউরিয়া          ৭০-৮০\r\nটিএসপি           ১১০-১৩০    \r\nএমওপি           ৪০-৫০\r\n \r\n\r\nইউরিয়া সার অর্ধেক ও বাকি অন্যসব সার শেষ চাষের সময় জমিতে মিশিয়ে দিতে হবে। বাকি অর্ধেক ইউরিয়া বীজ বপনের ২৫-৩০ দিন পর প্রয়োগ করতে হবে।\r\n \r\n\r\n৯.  সেচ ও আগাছা ব্যবস্থাপনা : প্রয়োজনে ১-২ বার সেচ দিতে হবে। আর জমিতে আগাছা থাকলে সময়মতো আগাছা দমন করতে হবে।\r\n\r\n১০. পোকা মাকড় ব্যবস্থাপনা : পোকামাকড়ের আক্রমণ উল্লেখযোগ্য নহে।\r\n\r\n \r\n\r\n১১. রোগ ব্যবস্থাপনা:\r\n \r\n\r\nরোগের নাম: পাতা ঝলসানো রোগ\r\n \r\n\r\nভূমিকা: অলটারনেরিয়া লিনি নামক একপ্রকার ছত্রাকের সাহায্যে এ রোগ ছড়ায়। এটি একটি বীজবাহিত রোগ।\r\n\r\n \r\n\r\nক্ষতির নমুনা : প্রথমে পাতার উপর ঘন বাদামী বর্ণের অসম আকৃতির দাগ পড়ে। রোগের প্রকোপ বৃদ্ধি পেলে পাতা শুকিয়ে যায়।\r\n\r\n \r\n\r\nঅনুকূল পরিবেশ :আর্দ্র আবহাওয়া', 0, '2020-09-19');

-- --------------------------------------------------------

--
-- Table structure for table `product_table`
--

CREATE TABLE `product_table` (
  `product_id` int(11) NOT NULL,
  `category_id` int(11) NOT NULL,
  `division_id` int(11) NOT NULL,
  `district_id` int(11) NOT NULL,
  `product_title` varchar(200) NOT NULL,
  `product_price` varchar(100) NOT NULL,
  `product_qty` varchar(100) NOT NULL,
  `product_details` text NOT NULL,
  `product_image` varchar(300) NOT NULL,
  `sold` tinyint(4) NOT NULL,
  `ourmarket` tinyint(4) NOT NULL,
  `unit_name` varchar(200) NOT NULL,
  `farmer_id` int(11) NOT NULL,
  `verify` tinyint(4) NOT NULL,
  `creation` timestamp NOT NULL DEFAULT current_timestamp()
) ENGINE=InnoDB DEFAULT CHARSET=utf8mb4;

--
-- Dumping data for table `product_table`
--

INSERT INTO `product_table` (`product_id`, `category_id`, `division_id`, `district_id`, `product_title`, `product_price`, `product_qty`, `product_details`, `product_image`, `sold`, `ourmarket`, `unit_name`, `farmer_id`, `verify`, `creation`) VALUES
(27, 23, 6, 19, 'দেশী গরুর দুধ ', '70', '50', 'জয়পুরহাট জেলার শ্যমনগর উপজেলার বিখ্যাত গো ফার্ম থেকে আনত। ', 'images_new/532c8292d7.jpg', 0, 1, 'L', 3, 0, '2020-09-18 18:48:38'),
(29, 29, 6, 7, 'কাউনের চাল ', '200', '11', 'মানিকগঞ্জের সাটুরিয়ার বিখ্যাত চাল ...।। ', 'images_new/158cf6dd13.jpg', 0, 0, 'KG', 3, 0, '2020-09-21 08:45:14'),
(31, 29, 13, 19, 'তুলশীমালা পোলাও এর চাল ', '150', '10', 'বিলুপ্তপ্রায় এই তুলশীমালার পোলাও এর চাল এখন আমাদের কাছে ......', 'images_new/87490e3a9f.jpg', 0, 0, 'KG', 3, 0, '2020-09-21 13:00:12'),
(32, 30, 9, 8, 'আদা ', '200', '23', 'দেশীয় আদার স্বাদ এবং গন্ধেই হোক খাবারের তৃপ্তি ', 'images_new/3d5520b634.jpg', 0, 0, 'KG', 0, 0, '2020-09-21 13:04:21'),
(33, 30, 15, 23, 'রসুন ', '70', '100', 'কোনো সার ছাড়াই তৈরি করা হয় এই রসুন। ', 'images_new/957f45186a.jpg', 0, 0, 'KG', 9, 0, '2020-09-21 13:07:30'),
(34, 30, 11, 16, 'শাহী জিরা ', '250', '1', 'সিলেটের এই শাহী জিরা যুগ যুগ ধরে ঐতিহ্য ধরে রেখেছে গন্ধে এবং গুণে । ', 'images_new/3878c3f256.webp', 0, 1, 'KG', 0, 0, '2020-09-21 13:11:24'),
(35, 30, 9, 9, 'জিরা ', '80', '1', 'রান্না করা খাবারে জিরার ব্যবহার হয়েই থাকে। মূলত রান্নায় স্বাদ আনতেই ব্যবহার করা হয় জিরা। কিন্তু এই জিরারও আরও বহু গুণ রয়েছে। তবে রান্নায় নয়, জিরা ভেজানো পানি খেলে আরও ৫  রকমের উপকারিতা পাওয়া যায়। জেনে নিন জিরা ভেজানো পানির অসাধারণ ৬ উপকারিতা সম্পর্কে বিস্তারিত-\r\n\r\n\r\n১। জিরা পানির মধ্যে অ্যান্টিঅক্সিডেন্ট, ভিটামিন, এবং মিনারেল থাকে, যার ফলে হজম প্রক্রিয়া সহজ হয়। এই পানি খেলে কোষ্ঠকাঠিন্য, ডায়েরিয়া, বমি বমি ভাব দূর হয়। \r\n\r\n২। শরীরের থেকে টক্সিক উপাদান পরিষ্কার করতে এই জিরা পানির জুড়ি মেলা ভার। সারা রাত পানি ভিজিয়ে রাখুন জিরা। সকালে খালি পেটে খান। এতে সারা দিন শরীর ঝরঝরে থাকে। \r\n৩। অম্বলের সমস্যা থাকলে জিরা ভেজানো পানি খান। এতে লিভার সুস্থ থাকে। \r\n\r\n৪। অনেকেই আছেন, যারা একটুতেই বিভিন্ন রোগের শিকার হন। তাদের জন্য জিরা পানি একদম যথাযথ টোটকা। কারণ, এতে ভিটামিন এ এবং সি থাকে। \r\n\r\n৫। এই পানি নিয়মিত খেলে অনিদ্রা থেকে মুক্তি পাবেন। ', 'images_new/cfdd781638.jpg', 0, 0, 'KG', 0, 0, '2020-09-21 13:14:47'),
(37, 30, 15, 22, 'আলু', '20', '1', 'কৃত্রিমতা ছাড়া দেশীয় আলু ', 'images_new/c4c099096c.jpg', 0, 0, 'KG', 0, 0, '2020-09-22 13:43:24'),
(38, 30, 6, 7, 'লাল আলু ', '30', '1', 'দেশীয় লাল আলু ', 'images_new/46aa0cee77.jpg', 0, 1, 'KG', 0, 0, '2020-09-22 13:45:33'),
(39, 21, 13, 18, 'সরিষা ', '70', '1', 'ঘানি ভাংগা সরিসার তেল এবং সরিষা ...... ', 'images_new/0efa7cabb6.jpg', 0, 0, 'L', 0, 0, '2020-09-22 13:48:43'),
(40, 21, 10, 12, 'চিনা বাদাম ', '100', '5', 'পাহাড়িদের চাষকৃত ...... ', 'images_new/15a26b35c0.jpg', 0, 1, 'KG', 0, 0, '2020-09-22 13:51:29'),
(41, 21, 11, 16, 'কালো তিল ', '500', '1', 'হবিগঞ্জের কালো তিল ', 'images_new/d4649e6419.jpg', 0, 0, 'KG', 0, 0, '2020-09-22 13:53:39'),
(42, 21, 14, 8, 'সাদা তিল ', '100', '1', 'পরিশোধিত সাদা তিল ', 'images_new/6d56bc4f13.jpg', 0, 1, 'KG', 0, 0, '2020-09-22 13:56:04'),
(43, 34, 11, 7, 'পাটের ব্যগ ', '400', '0', 'পাটের ব্যগ হাতে বোনা ', 'images_new/0b854e7457.jpg', 0, 1, 'Piece ', 0, 0, '2020-09-22 13:59:06'),
(44, 34, 11, 15, 'পাটের টব ', '250', '1', 'পাটের টব সিলেটের তৈরিকৃত ', 'images_new/91f69f047d.jpg', 0, 1, 'Piece ', 0, 0, '2020-09-22 14:07:32'),
(45, 34, 13, 17, 'পাটের ঝুড়ি ', '80', '1', 'উপজাতীয়দের হাতে বানানো পাটের ঝুড়ি ...... ', 'images_new/728e60431c.jpg', 0, 1, 'Piece ', 0, 0, '2020-09-22 14:18:44'),
(46, 21, 10, 11, 'রূপচাঁদা', '2500', '1', '100% fresh', 'images_new/c52453c586.jpeg', 0, 0, 'KG', 0, 0, '2020-10-20 04:19:49'),
(47, 28, 9, 9, 'ইলিশ (বড়)', '1200', '1', '১০০ ভাগ তাজা', 'images_new/aca1923328.jpg', 0, 0, 'KG', 0, 0, '2020-10-20 04:27:11'),
(48, 28, 9, 9, 'ইলিশ', '1200', '100', 'test', 'images_new/af140f97b8.jpg', 0, 0, 'KG', 3, 1, '2020-10-20 04:46:26'),
(49, 29, 6, 6, 'বাদশাহ ভোগ চাল', '120', '120', 'উন্নত প্রযুক্তি এবং পরিচ্চন্ন পরিবেশে তৈরি', 'images_new/815ae71cfe.jpg', 0, 0, 'KG', 3, 1, '2020-09-21 12:55:10'),
(50, 21, 15, 21, 'ক্যপসিকাম ', '30', '7', 'গেউএফহ;ফিহ\'পজ ', 'images_new/310f2bff17.jpg', 0, 0, 'KG', 3, 0, '2021-08-02 15:37:31'),
(51, 21, 6, 6, 'ক্যপসিকাম ', '30', '20', 'তিগ;উইহ\'ইও', 'images_new/c4b8c33b38.jpg', 0, 0, 'KG', 3, 0, '2021-08-02 15:55:30'),
(52, 21, 11, 15, 'test', '200', '0', 'rsd', 'images_new/637f0ee297.jpg', 0, 1, 'L', 0, 0, '2021-08-16 14:11:03');

-- --------------------------------------------------------

--
-- Table structure for table `ratting`
--

CREATE TABLE `ratting` (
  `rat_id` int(11) NOT NULL,
  `product_id` int(11) NOT NULL,
  `customer_id` int(11) DEFAULT NULL,
  `farmer_id` int(11) DEFAULT NULL,
  `rat_count` int(11) NOT NULL
) ENGINE=InnoDB DEFAULT CHARSET=utf8mb4;

--
-- Dumping data for table `ratting`
--

INSERT INTO `ratting` (`rat_id`, `product_id`, `customer_id`, `farmer_id`, `rat_count`) VALUES
(1, 39, NULL, 0, 5),
(2, 39, NULL, 0, 4),
(3, 39, NULL, 0, 4),
(4, 39, NULL, 0, 5),
(5, 39, NULL, 0, 5),
(6, 39, 36, NULL, 4),
(7, 29, NULL, 0, 2),
(8, 29, NULL, 3, 3),
(10, 39, 36, NULL, 3),
(11, 39, 36, NULL, 3),
(12, 39, 36, NULL, 3),
(13, 39, 36, NULL, 4),
(14, 31, 36, NULL, 3),
(15, 31, NULL, 3, 2),
(16, 52, 36, NULL, 5),
(17, 43, 36, NULL, 4),
(18, 50, 36, NULL, 5),
(19, 33, 36, NULL, 3);

-- --------------------------------------------------------

--
-- Table structure for table `replay_table`
--

CREATE TABLE `replay_table` (
  `replay_id` int(11) NOT NULL,
  `comment_id` int(11) NOT NULL,
  `replay` text NOT NULL,
  `date` timestamp NOT NULL DEFAULT current_timestamp()
) ENGINE=InnoDB DEFAULT CHARSET=utf8mb4;

--
-- Dumping data for table `replay_table`
--

INSERT INTO `replay_table` (`replay_id`, `comment_id`, `replay`, `date`) VALUES
(2, 7, 'fsdfsdfsd', '2020-12-20 15:12:03'),
(3, 8, 'fgsdfsd', '2020-12-21 04:23:11'),
(4, 9, 'fsdf', '2020-12-21 04:23:13'),
(5, 10, 'sdf', '2020-12-21 04:23:14'),
(6, 11, 'yes got it', '2020-12-21 04:25:19'),
(7, 12, 'sdgf', '2020-12-21 04:40:22'),
(0, 0, 'thank you', '2021-08-29 09:24:14'),
(0, 0, 'thanks\r\n', '2021-08-29 09:25:31'),
(0, 24, 'sdf', '2021-08-29 09:36:52'),
(0, 25, 'x', '2021-08-29 09:37:34'),
(0, 26, 'aa', '2021-08-29 09:38:29'),
(0, 28, 'sss', '2021-08-29 09:39:13'),
(0, 27, 'ss', '2021-08-29 09:39:17');

-- --------------------------------------------------------

--
-- Table structure for table `return_money`
--

CREATE TABLE `return_money` (
  `return_id` int(11) NOT NULL,
  `return_amount` varchar(255) NOT NULL,
  `farmer_id` int(11) NOT NULL
) ENGINE=InnoDB DEFAULT CHARSET=utf8mb4;

--
-- Dumping data for table `return_money`
--

INSERT INTO `return_money` (`return_id`, `return_amount`, `farmer_id`) VALUES
(15, '50', 9),
(16, '400', 3);

-- --------------------------------------------------------

--
-- Table structure for table `sleep_table`
--

CREATE TABLE `sleep_table` (
  `sleep_id` int(11) NOT NULL,
  `sleep_no` bigint(20) NOT NULL,
  `otp` varchar(150) DEFAULT NULL,
  `account_no` varchar(150) DEFAULT NULL,
  `account` varchar(150) DEFAULT NULL,
  `customer_id` int(11) NOT NULL,
  `created_time` timestamp NOT NULL DEFAULT current_timestamp()
) ENGINE=InnoDB DEFAULT CHARSET=utf8mb4;

--
-- Dumping data for table `sleep_table`
--

INSERT INTO `sleep_table` (`sleep_id`, `sleep_no`, `otp`, `account_no`, `account`, `customer_id`, `created_time`) VALUES
(13, 1629790775, NULL, NULL, '400', 36, '2021-08-24 07:39:35'),
(14, 1629810850, NULL, NULL, '70', 36, '2021-08-24 13:14:10'),
(15, 1630228217, NULL, NULL, '90', 36, '2021-08-29 09:10:17');

-- --------------------------------------------------------

--
-- Table structure for table `slide_table`
--

CREATE TABLE `slide_table` (
  `slide_id` int(11) NOT NULL,
  `slide_title` text NOT NULL,
  `slide_details` text NOT NULL,
  `slide_image` varchar(300) NOT NULL
) ENGINE=InnoDB DEFAULT CHARSET=utf8mb4;

--
-- Dumping data for table `slide_table`
--

INSERT INTO `slide_table` (`slide_id`, `slide_title`, `slide_details`, `slide_image`) VALUES
(4, '<a href=\"ourmarket.php\"><p class=\"titlecls\" style=\" color:#990000;\">ফিরে চল   </p> ', '<p class=\"detailscls\" style=\" color:#990000;\">মাটির টানে   </p>  </a>  ', 'images_new/5a206f0b24.jpg'),
(5, '<p class=\"titlecls\" style=\"color:red; \">  বাংলাদেশ</p>', '<p class=\"detailscls\" style=\"color: blue; \"> ক্ষুধা হবে নিরুদ্দেশ </p>', 'images_new/843bd3b699.jpg'),
(6, '<p class=\"titlecls\" style=\"color:red; \">ভূমীজ </p>', '<p class=\"detailscls\" style=\"color: blue; \"> সামাজিক দায়বদ্বতা </p>', 'images_new/0fec1fbcb4.jpg');

-- --------------------------------------------------------

--
-- Table structure for table `unit_table`
--

CREATE TABLE `unit_table` (
  `unit_id` int(11) NOT NULL,
  `unit_name` varchar(200) NOT NULL
) ENGINE=InnoDB DEFAULT CHARSET=utf8mb4;

--
-- Dumping data for table `unit_table`
--

INSERT INTO `unit_table` (`unit_id`, `unit_name`) VALUES
(1, 'KG'),
(2, 'L'),
(3, 'Piece '),
(4, 'Case'),
(5, 'Box');

--
-- Indexes for dumped tables
--

--
-- Indexes for table `aboutdes_table`
--
ALTER TABLE `aboutdes_table`
  ADD PRIMARY KEY (`aboutdes_id`);

--
-- Indexes for table `aboutme_table`
--
ALTER TABLE `aboutme_table`
  ADD PRIMARY KEY (`aboutme_id`);

--
-- Indexes for table `admin_table`
--
ALTER TABLE `admin_table`
  ADD PRIMARY KEY (`admin_id`);

--
-- Indexes for table `article_table`
--
ALTER TABLE `article_table`
  ADD PRIMARY KEY (`article_id`);

--
-- Indexes for table `cart_table`
--
ALTER TABLE `cart_table`
  ADD PRIMARY KEY (`cart_id`);

--
-- Indexes for table `category`
--
ALTER TABLE `category`
  ADD PRIMARY KEY (`category_id`);

--
-- Indexes for table `comment_table`
--
ALTER TABLE `comment_table`
  ADD PRIMARY KEY (`comment_id`);

--
-- Indexes for table `confirm_table`
--
ALTER TABLE `confirm_table`
  ADD PRIMARY KEY (`confirm_id`);

--
-- Indexes for table `contact_table`
--
ALTER TABLE `contact_table`
  ADD PRIMARY KEY (`contact_id`);

--
-- Indexes for table `customer_table`
--
ALTER TABLE `customer_table`
  ADD PRIMARY KEY (`customer_id`);

--
-- Indexes for table `district_table`
--
ALTER TABLE `district_table`
  ADD PRIMARY KEY (`district_id`);

--
-- Indexes for table `division_table`
--
ALTER TABLE `division_table`
  ADD PRIMARY KEY (`division_id`);

--
-- Indexes for table `farmer_table`
--
ALTER TABLE `farmer_table`
  ADD PRIMARY KEY (`farmer_id`);

--
-- Indexes for table `macro_green`
--
ALTER TABLE `macro_green`
  ADD PRIMARY KEY (`macro_id`);

--
-- Indexes for table `order_table`
--
ALTER TABLE `order_table`
  ADD PRIMARY KEY (`order_id`);

--
-- Indexes for table `pay_table`
--
ALTER TABLE `pay_table`
  ADD PRIMARY KEY (`pay_id`);

--
-- Indexes for table `post_table`
--
ALTER TABLE `post_table`
  ADD PRIMARY KEY (`post_id`);

--
-- Indexes for table `product_table`
--
ALTER TABLE `product_table`
  ADD PRIMARY KEY (`product_id`);

--
-- Indexes for table `ratting`
--
ALTER TABLE `ratting`
  ADD PRIMARY KEY (`rat_id`);

--
-- Indexes for table `return_money`
--
ALTER TABLE `return_money`
  ADD PRIMARY KEY (`return_id`);

--
-- Indexes for table `sleep_table`
--
ALTER TABLE `sleep_table`
  ADD PRIMARY KEY (`sleep_id`);

--
-- Indexes for table `slide_table`
--
ALTER TABLE `slide_table`
  ADD PRIMARY KEY (`slide_id`);

--
-- Indexes for table `unit_table`
--
ALTER TABLE `unit_table`
  ADD PRIMARY KEY (`unit_id`);

--
-- AUTO_INCREMENT for dumped tables
--

--
-- AUTO_INCREMENT for table `aboutdes_table`
--
ALTER TABLE `aboutdes_table`
  MODIFY `aboutdes_id` int(11) NOT NULL AUTO_INCREMENT, AUTO_INCREMENT=2;

--
-- AUTO_INCREMENT for table `aboutme_table`
--
ALTER TABLE `aboutme_table`
  MODIFY `aboutme_id` int(11) NOT NULL AUTO_INCREMENT, AUTO_INCREMENT=2;

--
-- AUTO_INCREMENT for table `admin_table`
--
ALTER TABLE `admin_table`
  MODIFY `admin_id` int(11) NOT NULL AUTO_INCREMENT, AUTO_INCREMENT=7;

--
-- AUTO_INCREMENT for table `article_table`
--
ALTER TABLE `article_table`
  MODIFY `article_id` int(11) NOT NULL AUTO_INCREMENT, AUTO_INCREMENT=10;

--
-- AUTO_INCREMENT for table `cart_table`
--
ALTER TABLE `cart_table`
  MODIFY `cart_id` int(11) NOT NULL AUTO_INCREMENT, AUTO_INCREMENT=158;

--
-- AUTO_INCREMENT for table `category`
--
ALTER TABLE `category`
  MODIFY `category_id` int(11) NOT NULL AUTO_INCREMENT, AUTO_INCREMENT=35;

--
-- AUTO_INCREMENT for table `comment_table`
--
ALTER TABLE `comment_table`
  MODIFY `comment_id` int(11) NOT NULL AUTO_INCREMENT, AUTO_INCREMENT=29;

--
-- AUTO_INCREMENT for table `confirm_table`
--
ALTER TABLE `confirm_table`
  MODIFY `confirm_id` int(11) NOT NULL AUTO_INCREMENT, AUTO_INCREMENT=89;

--
-- AUTO_INCREMENT for table `contact_table`
--
ALTER TABLE `contact_table`
  MODIFY `contact_id` int(11) NOT NULL AUTO_INCREMENT, AUTO_INCREMENT=6;

--
-- AUTO_INCREMENT for table `customer_table`
--
ALTER TABLE `customer_table`
  MODIFY `customer_id` int(11) NOT NULL AUTO_INCREMENT, AUTO_INCREMENT=38;

--
-- AUTO_INCREMENT for table `district_table`
--
ALTER TABLE `district_table`
  MODIFY `district_id` int(11) NOT NULL AUTO_INCREMENT, AUTO_INCREMENT=24;

--
-- AUTO_INCREMENT for table `division_table`
--
ALTER TABLE `division_table`
  MODIFY `division_id` int(11) NOT NULL AUTO_INCREMENT, AUTO_INCREMENT=16;

--
-- AUTO_INCREMENT for table `farmer_table`
--
ALTER TABLE `farmer_table`
  MODIFY `farmer_id` int(11) NOT NULL AUTO_INCREMENT, AUTO_INCREMENT=11;

--
-- AUTO_INCREMENT for table `macro_green`
--
ALTER TABLE `macro_green`
  MODIFY `macro_id` int(11) NOT NULL AUTO_INCREMENT, AUTO_INCREMENT=7;

--
-- AUTO_INCREMENT for table `order_table`
--
ALTER TABLE `order_table`
  MODIFY `order_id` int(11) NOT NULL AUTO_INCREMENT, AUTO_INCREMENT=46;

--
-- AUTO_INCREMENT for table `pay_table`
--
ALTER TABLE `pay_table`
  MODIFY `pay_id` int(11) NOT NULL AUTO_INCREMENT, AUTO_INCREMENT=33;

--
-- AUTO_INCREMENT for table `post_table`
--
ALTER TABLE `post_table`
  MODIFY `post_id` int(11) NOT NULL AUTO_INCREMENT, AUTO_INCREMENT=35;

--
-- AUTO_INCREMENT for table `product_table`
--
ALTER TABLE `product_table`
  MODIFY `product_id` int(11) NOT NULL AUTO_INCREMENT, AUTO_INCREMENT=53;

--
-- AUTO_INCREMENT for table `ratting`
--
ALTER TABLE `ratting`
  MODIFY `rat_id` int(11) NOT NULL AUTO_INCREMENT, AUTO_INCREMENT=20;

--
-- AUTO_INCREMENT for table `return_money`
--
ALTER TABLE `return_money`
  MODIFY `return_id` int(11) NOT NULL AUTO_INCREMENT, AUTO_INCREMENT=17;

--
-- AUTO_INCREMENT for table `sleep_table`
--
ALTER TABLE `sleep_table`
  MODIFY `sleep_id` int(11) NOT NULL AUTO_INCREMENT, AUTO_INCREMENT=16;

--
-- AUTO_INCREMENT for table `slide_table`
--
ALTER TABLE `slide_table`
  MODIFY `slide_id` int(11) NOT NULL AUTO_INCREMENT, AUTO_INCREMENT=7;

--
-- AUTO_INCREMENT for table `unit_table`
--
ALTER TABLE `unit_table`
  MODIFY `unit_id` int(11) NOT NULL AUTO_INCREMENT, AUTO_INCREMENT=6;
COMMIT;

/*!40101 SET CHARACTER_SET_CLIENT=@OLD_CHARACTER_SET_CLIENT */;
/*!40101 SET CHARACTER_SET_RESULTS=@OLD_CHARACTER_SET_RESULTS */;
/*!40101 SET COLLATION_CONNECTION=@OLD_COLLATION_CONNECTION */;
